{"cameraMode":{"drawMode":0,"name":"Shaded","section":"Shading Mode"},"sceneLighting":false,"audioPlay":false,"sceneViewState":{"showFog":true,"showMaterialUpdate":false,"showSkybox":true,"showFlares":true,"showImageEffects":true,"showParticleSystems":true},"in2DMode":false,"pivot":{"x":390.7108459472656,"y":283.0760803222656,"z":1255.7711181640625},"rotation":{"x":0.13701143860816956,"y":-0.826939582824707,"z":0.22890056669712068,"w":0.494978129863739},"size":1.2647356986999512,"orthographic":false}