{"cameraMode":{"drawMode":0,"name":"Shaded","section":"Shading Mode"},"sceneLighting":false,"audioPlay":false,"sceneViewState":{"showFog":true,"showMaterialUpdate":false,"showSkybox":true,"showFlares":true,"showImageEffects":true,"showParticleSystems":true},"in2DMode":false,"pivot":{"x":33.903175354003909,"y":199.2610321044922,"z":855.0465087890625},"rotation":{"x":-0.17988570034503938,"y":-0.820099413394928,"z":0.38139981031417849,"w":-0.3867975175380707},"size":69.14444732666016,"orthographic":false}