{"cameraMode":{"drawMode":0,"name":"Shaded","section":"Shading Mode"},"sceneLighting":false,"audioPlay":false,"sceneViewState":{"showFog":true,"showMaterialUpdate":false,"showSkybox":true,"showFlares":true,"showImageEffects":true,"showParticleSystems":true},"in2DMode":false,"pivot":{"x":363.0723876953125,"y":291.3351135253906,"z":449.5084533691406},"rotation":{"x":-0.23018893599510194,"y":0.06859379261732102,"z":-0.016265755519270898,"w":-0.970589280128479},"size":22.103239059448243,"orthographic":false}