{"cameraMode":{"drawMode":0,"name":"Shaded","section":"Shading Mode"},"sceneLighting":false,"audioPlay":false,"sceneViewState":{"showFog":true,"showMaterialUpdate":false,"showSkybox":true,"showFlares":true,"showImageEffects":true,"showParticleSystems":true},"in2DMode":false,"pivot":{"x":188.21560668945313,"y":67.88729858398438,"z":1091.1104736328125},"rotation":{"x":-0.19907836616039277,"y":0.6783173680305481,"z":-0.19895844161510468,"w":-0.6787258982658386},"size":537.833251953125,"orthographic":false}