{"cameraMode":{"drawMode":0,"name":"Shaded","section":"Shading Mode"},"sceneLighting":false,"audioPlay":false,"sceneViewState":{"showFog":true,"showMaterialUpdate":false,"showSkybox":true,"showFlares":true,"showImageEffects":true,"showParticleSystems":true},"in2DMode":false,"pivot":{"x":451.57623291015627,"y":132.00225830078126,"z":1149.9205322265625},"rotation":{"x":-0.11383082717657089,"y":-0.8672131896018982,"z":0.42568331956863406,"w":-0.23190012574195863},"size":243.090576171875,"orthographic":false}