{"cameraMode":{"drawMode":0,"name":"Shaded","section":"Shading Mode"},"sceneLighting":false,"audioPlay":false,"sceneViewState":{"showFog":true,"showMaterialUpdate":false,"showSkybox":true,"showFlares":true,"showImageEffects":true,"showParticleSystems":true},"in2DMode":false,"pivot":{"x":280.021728515625,"y":113.06644439697266,"z":87.37223052978516},"rotation":{"x":0.013418283313512802,"y":-0.9545917510986328,"z":-0.04349292069673538,"w":-0.2944197356700897},"size":14.666831970214844,"orthographic":false}