{"cameraMode":{"drawMode":0,"name":"Shaded","section":"Shading Mode"},"sceneLighting":false,"audioPlay":false,"sceneViewState":{"showFog":true,"showMaterialUpdate":false,"showSkybox":true,"showFlares":true,"showImageEffects":true,"showParticleSystems":true},"in2DMode":false,"pivot":{"x":394.1279296875,"y":195.84780883789063,"z":851.7467041015625},"rotation":{"x":0.10221856087446213,"y":-0.8827429413795471,"z":0.2261832058429718,"w":0.3989454507827759},"size":356.50885009765627,"orthographic":false}