{"cameraMode":{"drawMode":0,"name":"Shaded","section":"Shading Mode"},"sceneLighting":false,"audioPlay":false,"sceneViewState":{"showFog":true,"showMaterialUpdate":false,"showSkybox":true,"showFlares":true,"showImageEffects":true,"showParticleSystems":true},"in2DMode":false,"pivot":{"x":290.7657165527344,"y":222.15902709960938,"z":1303.493408203125},"rotation":{"x":0.0008620409644208849,"y":0.6860142350196838,"z":0.000813331629615277,"w":-0.7275872230529785},"size":56.55461883544922,"orthographic":false}