{"cameraMode":{"drawMode":0,"name":"Shaded","section":"Shading Mode"},"sceneLighting":false,"audioPlay":false,"sceneViewState":{"showFog":true,"showMaterialUpdate":false,"showSkybox":true,"showFlares":true,"showImageEffects":true,"showParticleSystems":true},"in2DMode":false,"pivot":{"x":-328.74560546875,"y":468.2091064453125,"z":497.870849609375},"rotation":{"x":-0.21230491995811463,"y":0.5403121113777161,"z":-0.14310848712921143,"w":-0.8015668988227844},"size":1639.190185546875,"orthographic":false}