{"cameraMode":{"drawMode":0,"name":"Shaded","section":"Shading Mode"},"sceneLighting":false,"audioPlay":false,"sceneViewState":{"showFog":true,"showMaterialUpdate":false,"showSkybox":true,"showFlares":true,"showImageEffects":true,"showParticleSystems":true},"in2DMode":false,"pivot":{"x":-0.8139090538024902,"y":4.393887996673584,"z":13.327157974243164},"rotation":{"x":-0.001944350078701973,"y":0.38794058561325076,"z":-0.0008183129830285907,"w":-0.9216820001602173},"size":10.0,"orthographic":false}