{"cameraMode":{"drawMode":0,"name":"Shaded","section":"Shading Mode"},"sceneLighting":false,"audioPlay":false,"sceneViewState":{"showFog":true,"showMaterialUpdate":false,"showSkybox":true,"showFlares":true,"showImageEffects":true,"showParticleSystems":true},"in2DMode":false,"pivot":{"x":275.408203125,"y":145.49179077148438,"z":677.5384521484375},"rotation":{"x":0.05518277361989021,"y":-0.011670189909636975,"z":0.0006449700449593365,"w":0.9984078407287598},"size":1125.6990966796875,"orthographic":false}