{"cameraMode":{"drawMode":0,"name":"Shaded","section":"Shading Mode"},"sceneLighting":false,"audioPlay":false,"sceneViewState":{"showFog":true,"showMaterialUpdate":false,"showSkybox":false,"showFlares":true,"showImageEffects":true,"showParticleSystems":true},"in2DMode":false,"pivot":{"x":373.514892578125,"y":195.11000061035157,"z":318.8999938964844},"rotation":{"x":-0.274355947971344,"y":-0.2920651435852051,"z":0.08784959465265274,"w":-0.9120156168937683},"size":131.61788940429688,"orthographic":false}