{"cameraMode":{"drawMode":0,"name":"Shaded","section":"Shading Mode"},"sceneLighting":true,"audioPlay":false,"sceneViewState":{"showFog":true,"showMaterialUpdate":false,"showSkybox":true,"showFlares":true,"showImageEffects":true,"showParticleSystems":true},"in2DMode":false,"pivot":{"x":-250.10739135742188,"y":-39.251068115234378,"z":0.0},"rotation":{"x":-0.0916290357708931,"y":0.033449381589889529,"z":-0.003079667454585433,"w":-0.9952268004417419},"size":1885.4981689453125,"orthographic":false}