{"cameraMode":{"drawMode":0,"name":"Shaded","section":"Shading Mode"},"sceneLighting":true,"audioPlay":false,"sceneViewState":{"showFog":true,"showMaterialUpdate":false,"showSkybox":true,"showFlares":true,"showImageEffects":true,"showParticleSystems":true},"in2DMode":false,"pivot":{"x":430.5322265625,"y":-50.63285827636719,"z":43.632911682128909},"rotation":{"x":-0.1849871724843979,"y":0.05068157985806465,"z":-0.009553308598697186,"w":-0.9813864827156067},"size":62.57454299926758,"orthographic":false}