{"cameraMode":{"drawMode":0,"name":"Shaded","section":"Shading Mode"},"sceneLighting":true,"audioPlay":false,"sceneViewState":{"showFog":false,"showMaterialUpdate":false,"showSkybox":false,"showFlares":false,"showImageEffects":false,"showParticleSystems":true},"in2DMode":false,"pivot":{"x":0.1641387939453125,"y":-0.2783536911010742,"z":0.03325462341308594},"rotation":{"x":-0.20996220409870149,"y":0.4668370485305786,"z":-0.11513873189687729,"w":-0.851306140422821},"size":39.8183479309082,"orthographic":false}